{"cameraMode":{"drawMode":0,"name":"Shaded","section":"Shading Mode"},"sceneLighting":true,"audioPlay":false,"sceneViewState":{"showFog":true,"showMaterialUpdate":false,"showSkybox":true,"showFlares":true,"showImageEffects":true,"showParticleSystems":true,"showVisualEffectGraphs":true,"m_FxEnabled":true},"in2DMode":false,"pivot":{"x":0.43169599771499636,"y":-1.6929004192352296,"z":0.7196300029754639},"rotation":{"x":-0.6730344295501709,"y":0.003535259049385786,"z":-0.0032178075052797796,"w":-0.7396026849746704},"size":2.8071064949035646,"orthographic":false}