{"cameraMode":{"drawMode":0,"name":"Shaded","section":"Shading Mode"},"sceneLighting":true,"audioPlay":false,"sceneViewState":{"showFog":true,"showMaterialUpdate":false,"showSkybox":true,"showFlares":true,"showImageEffects":true,"showParticleSystems":true,"showVisualEffectGraphs":true,"m_FxEnabled":true},"in2DMode":false,"pivot":{"x":24.201412200927736,"y":-66.12639617919922,"z":27.472389221191408},"rotation":{"x":0.7011499404907227,"y":0.0031998413614928724,"z":-0.0031639779917895796,"w":0.7130268812179565},"size":58.70806121826172,"orthographic":false}